ğŸ‡¦ğŸ‡« Afghanistan (+93), AF
ğŸ‡¦ğŸ‡± Albania (+355), AL
ğŸ‡©ğŸ‡¿ Algeria (+213), DZ
ğŸ‡¦ğŸ‡¸ American Samoa (+1), AS
ğŸ‡¦ğŸ‡© Andorra (+376), AD
ğŸ‡¦ğŸ‡´ Angola (+244), AO
ğŸ‡¦ğŸ‡® Anguilla (+1), AI
ğŸ‡¦ğŸ‡¶ Antarctica (+672), AQ
ğŸ‡¦ğŸ‡¬ Antigua and Barbuda (+1), AG
ğŸ‡¦ğŸ‡· Argentina (+54), AR
ğŸ‡¦ğŸ‡² Armenia (+374), AM
ğŸ‡¦ğŸ‡¼ Aruba (+297), AW
ğŸ‡¦ğŸ‡º Australia (+61), AU
ğŸ‡¦ğŸ‡¹ Austria (+43), AT
ğŸ‡¦ğŸ‡¿ Azerbaijan (+994), AZ
ğŸ‡§ğŸ‡¸ Bahamas (+1), BS
ğŸ‡§ğŸ‡­ Bahrain (+973), BH
ğŸ‡§ğŸ‡© Bangladesh (+880), BD
ğŸ‡§ğŸ‡§ Barbados (+1), BB
ğŸ‡§ğŸ‡¾ Belarus (+375), BY
ğŸ‡§ğŸ‡ª Belgium (+32), BE
ğŸ‡§ğŸ‡¿ Belize (+501), BZ
ğŸ‡§ğŸ‡¯ Benin (+229), BJ
ğŸ‡§ğŸ‡² Bermuda (+1), BM
ğŸ‡§ğŸ‡¹ Bhutan (+975), BT
ğŸ‡§ğŸ‡´ Bolivia (+591), BO
ğŸ‡§ğŸ‡¦ Bosnia and Herzegovina (+387), BA
ğŸ‡§ğŸ‡¼ Botswana (+267), BW
ğŸ‡§ğŸ‡· Brazil (+55), BR
ğŸ‡»ğŸ‡¬ British Virgin Islands (+1), VG
ğŸ‡§ğŸ‡³ Brunei (+673), BN
ğŸ‡§ğŸ‡¬ Bulgaria (+359), BG
ğŸ‡§ğŸ‡« Burkina Faso (+226), BF
ğŸ‡§ğŸ‡® Burundi (+257), BI
ğŸ‡°ğŸ‡­ Cambodia (+855), KH
ğŸ‡¨ğŸ‡² Cameroon (+237), CM
ğŸ‡¨ğŸ‡¦ Canada (+1), CA
ğŸ‡¨ğŸ‡» Cape Verde (+238), CV
ğŸ‡°ğŸ‡¾ Cayman Islands (+1), KY
ğŸ‡¨ğŸ‡« Central African Republic (+236), CF
ğŸ‡¹ğŸ‡© Chad (+235), TD
ğŸ‡¨ğŸ‡± Chile (+56), CL
ğŸ‡¨ğŸ‡³ China (+86), CN
ğŸ‡¨ğŸ‡´ Colombia (+57), CO
ğŸ‡°ğŸ‡² Comoros (+269), KM
ğŸ‡¨ğŸ‡¬ Congo (+242), CG
ğŸ‡¨ğŸ‡· Costa Rica (+506), CR
ğŸ‡­ğŸ‡· Croatia (+385), HR
ğŸ‡¨ğŸ‡º Cuba (+53), CU
ğŸ‡¨ğŸ‡¾ Cyprus (+357), CY
ğŸ‡¨ğŸ‡¿ Czech Republic (+420), CZ
ğŸ‡©ğŸ‡° Denmark (+45), DK
ğŸ‡©ğŸ‡¯ Djibouti (+253), DJ
ğŸ‡©ğŸ‡² Dominica (+1), DM
ğŸ‡©ğŸ‡´ Dominican Republic (+1), DO
ğŸ‡ªğŸ‡¨ Ecuador (+593), EC
ğŸ‡ªğŸ‡¬ Egypt (+20), EG
ğŸ‡¸ğŸ‡» El Salvador (+503), SV
ğŸ‡¬ğŸ‡¶ Equatorial Guinea (+240), GQ
ğŸ‡ªğŸ‡· Eritrea (+291), ER
ğŸ‡ªğŸ‡ª Estonia (+372), EE
ğŸ‡ªğŸ‡¹ Ethiopia (+251), ET
ğŸ‡«ğŸ‡¯ Fiji (+679), FJ
ğŸ‡«ğŸ‡® Finland (+358), FI
ğŸ‡«ğŸ‡· France (+33), FR
ğŸ‡¬ğŸ‡¦ Gabon (+241), GA
ğŸ‡¬ğŸ‡² Gambia (+220), GM
ğŸ‡¬ğŸ‡ª Georgia (+995), GE
ğŸ‡©ğŸ‡ª Germany (+49), DE
ğŸ‡¬ğŸ‡­ Ghana (+233), GH
ğŸ‡¬ğŸ‡· Greece (+30), GR
ğŸ‡¬ğŸ‡© Grenada (+1), GD
ğŸ‡¬ğŸ‡¹ Guatemala (+502), GT
ğŸ‡¬ğŸ‡³ Guinea (+224), GN
ğŸ‡¬ğŸ‡¼ Guinea-Bissau (+245), GW
ğŸ‡¬ğŸ‡¾ Guyana (+592), GY
ğŸ‡­ğŸ‡¹ Haiti (+509), HT
ğŸ‡­ğŸ‡³ Honduras (+504), HN
ğŸ‡­ğŸ‡º Hungary (+36), HU
ğŸ‡®ğŸ‡¸ Iceland (+354), IS
ğŸ‡®ğŸ‡³ India (+91), IN
ğŸ‡®ğŸ‡© Indonesia (+62), ID
ğŸ‡®ğŸ‡· Iran (+98), IR
ğŸ‡®ğŸ‡¶ Iraq (+964), IQ
ğŸ‡®ğŸ‡ª Ireland (+353), IE
ğŸ‡®ğŸ‡± Israel (+972), IL
ğŸ‡®ğŸ‡¹ Italy (+39), IT
ğŸ‡¯ğŸ‡² Jamaica (+1), JM
ğŸ‡¯ğŸ‡µ Japan (+81), JP
ğŸ‡¯ğŸ‡´ Jordan (+962), JO
ğŸ‡°ğŸ‡¿ Kazakhstan (+7), KZ
ğŸ‡°ğŸ‡ª Kenya (+254), KE
ğŸ‡°ğŸ‡® Kiribati (+686), KI
ğŸ‡°ğŸ‡¼ Kuwait (+965), KW
ğŸ‡°ğŸ‡¬ Kyrgyzstan (+996), KG
ğŸ‡±ğŸ‡¦ Laos (+856), LA
ğŸ‡±ğŸ‡» Latvia (+371), LV
ğŸ‡±ğŸ‡§ Lebanon (+961), LB
ğŸ‡±ğŸ‡¸ Lesotho (+266), LS
ğŸ‡±ğŸ‡· Liberia (+231), LR
ğŸ‡±ğŸ‡¾ Libya (+218), LY
ğŸ‡±ğŸ‡® Liechtenstein (+423), LI
ğŸ‡±ğŸ‡¹ Lithuania (+370), LT
ğŸ‡±ğŸ‡º Luxembourg (+352), LU
ğŸ‡²ğŸ‡¬ Madagascar (+261), MG
ğŸ‡²ğŸ‡¼ Malawi (+265), MW
ğŸ‡²ğŸ‡¾ Malaysia (+60), MY
ğŸ‡²ğŸ‡» Maldives (+960), MV
ğŸ‡²ğŸ‡± Mali (+223), ML
ğŸ‡²ğŸ‡¹ Malta (+356), MT
ğŸ‡²ğŸ‡­ Marshall Islands (+692), MH
ğŸ‡²ğŸ‡· Mauritania (+222), MR
ğŸ‡²ğŸ‡º Mauritius (+230), MU
ğŸ‡²ğŸ‡½ Mexico (+52), MX
ğŸ‡«ğŸ‡² Micronesia (+691), FM
ğŸ‡²ğŸ‡© Moldova (+373), MD
ğŸ‡²ğŸ‡¨ Monaco (+377), MC
ğŸ‡²ğŸ‡³ Mongolia (+976), MN
ğŸ‡²ğŸ‡ª Montenegro (+382), ME
ğŸ‡²ğŸ‡¦ Morocco (+212), MA
ğŸ‡²ğŸ‡¿ Mozambique (+258), MZ
ğŸ‡²ğŸ‡² Myanmar (+95), MM
ğŸ‡³ğŸ‡¦ Namibia (+264), NA
ğŸ‡³ğŸ‡· Nauru (+674), NR
ğŸ‡³ğŸ‡µ Nepal (+977), NP
ğŸ‡³ğŸ‡± Netherlands (+31), NL
ğŸ‡³ğŸ‡¿ New Zealand (+64), NZ
ğŸ‡³ğŸ‡® Nicaragua (+505), NI
ğŸ‡³ğŸ‡ª Niger (+227), NE
ğŸ‡³ğŸ‡¬ Nigeria (+234), NG
ğŸ‡°ğŸ‡µ North Korea (+850), KP
ğŸ‡²ğŸ‡° North Macedonia (+389), MK
ğŸ‡³ğŸ‡´ Norway (+47), NO
ğŸ‡´ğŸ‡² Oman (+968), OM
ğŸ‡µğŸ‡° Pakistan (+92), PK
ğŸ‡µğŸ‡¼ Palau (+680), PW
ğŸ‡µğŸ‡¦ Panama (+507), PA
ğŸ‡µğŸ‡¬ Papua New Guinea (+675), PG
ğŸ‡µğŸ‡¾ Paraguay (+595), PY
ğŸ‡µğŸ‡ª Peru (+51), PE
ğŸ‡µğŸ‡­ Philippines (+63), PH
ğŸ‡µğŸ‡± Poland (+48), PL
ğŸ‡µğŸ‡¹ Portugal (+351), PT
ğŸ‡¶ğŸ‡¦ Qatar (+974), QA
ğŸ‡·ğŸ‡´ Romania (+40), RO
ğŸ‡·ğŸ‡º Russia (+7), RU
ğŸ‡·ğŸ‡¼ Rwanda (+250), RW
ğŸ‡°ğŸ‡³ Saint Kitts and Nevis (+1), KN
ğŸ‡±ğŸ‡¨ Saint Lucia (+1), LC
ğŸ‡»ğŸ‡¨ Saint Vincent and the Grenadines (+1), VC
ğŸ‡¼ğŸ‡¸ Samoa (+685), WS
ğŸ‡¸ğŸ‡² San Marino (+378), SM
ğŸ‡¸ğŸ‡¹ Sao Tome and Principe (+239), ST
ğŸ‡¸ğŸ‡¦ Saudi Arabia (+966), SA
ğŸ‡¸ğŸ‡³ Senegal (+221), SN
ğŸ‡·ğŸ‡¸ Serbia (+381), RS
ğŸ‡¸ğŸ‡¨ Seychelles (+248), SC
ğŸ‡¸ğŸ‡± Sierra Leone (+232), SL
ğŸ‡¸ğŸ‡¬ Singapore (+65), SG
ğŸ‡¸ğŸ‡° Slovakia (+421), SK
ğŸ‡¸ğŸ‡® Slovenia (+386), SI
ğŸ‡¸ğŸ‡§ Solomon Islands (+677), SB
ğŸ‡¸ğŸ‡´ Somalia (+252), SO
ğŸ‡¿ğŸ‡¦ South Africa (+27), ZA
ğŸ‡°ğŸ‡· South Korea (+82), KR
ğŸ‡¸ğŸ‡¸ South Sudan (+211), SS
ğŸ‡ªğŸ‡¸ Spain (+34), ES
ğŸ‡±ğŸ‡° Sri Lanka (+94), LK
ğŸ‡¸ğŸ‡© Sudan (+249), SD
ğŸ‡¸ğŸ‡· Suriname (+597), SR
ğŸ‡¸ğŸ‡ª Sweden (+46), SE
ğŸ‡¨ğŸ‡­ Switzerland (+41), CH
ğŸ‡¸ğŸ‡¾ Syria (+963), SY
ğŸ‡¹ğŸ‡¼ Taiwan (+886), TW
ğŸ‡¹ğŸ‡¯ Tajikistan (+992), TJ
ğŸ‡¹ğŸ‡¿ Tanzania (+255), TZ
ğŸ‡¹ğŸ‡­ Thailand (+66), TH
ğŸ‡¹ğŸ‡¬ Togo (+228), TG
ğŸ‡¹ğŸ‡´ Tonga (+676), TO
ğŸ‡¹ğŸ‡¹ Trinidad and Tobago (+1), TT
ğŸ‡¹ğŸ‡³ Tunisia (+216), TN
ğŸ‡¹ğŸ‡· Turkey (+90), TR
ğŸ‡¹ğŸ‡² Turkmenistan (+993), TM
ğŸ‡¹ğŸ‡» Tuvalu (+688), TV
ğŸ‡ºğŸ‡¬ Uganda (+256), UG
ğŸ‡ºğŸ‡¦ Ukraine (+380), UA
ğŸ‡¦ğŸ‡ª United Arab Emirates (+971), AE
ğŸ‡¬ğŸ‡§ United Kingdom (+44), GB
ğŸ‡ºğŸ‡¸ United States (+1), US
ğŸ‡ºğŸ‡¾ Uruguay (+598), UY
ğŸ‡ºğŸ‡¿ Uzbekistan (+998), UZ
ğŸ‡»ğŸ‡º Vanuatu (+678), VU
ğŸ‡»ğŸ‡¦ Vatican City (+379), VA
ğŸ‡»ğŸ‡ª Venezuela (+58), VE
ğŸ‡»ğŸ‡³ Vietnam (+84), VN
ğŸ‡¾ğŸ‡ª Yemen (+967), YE
ğŸ‡¿ğŸ‡² Zambia (+260), ZM
ğŸ‡¿ğŸ‡¼ Zimbabwe (+263), ZW
